[
  {
    "id": "5edb0a3d-baf9-47b8-9212-ec05fa43d645",
    "data": [
      {
        "text": "i need an appointment",
        "userDefined": false
      }
    ],
    "isTemplate": false,
    "count": 0,
    "lang": "en",
    "updated": 0
  },
  {
    "id": "aa14a651-f03d-4d18-b08f-fc4a9b256811",
    "data": [
      {
        "text": "good morning",
        "userDefined": false
      }
    ],
    "isTemplate": false,
    "count": 0,
    "lang": "en",
    "updated": 0
  },
  {
    "id": "3ddd38fc-39ed-4248-bdcb-362dcab886a5",
    "data": [
      {
        "text": "hi",
        "userDefined": false
      }
    ],
    "isTemplate": false,
    "count": 0,
    "lang": "en",
    "updated": 0
  }
]