[
  {
    "id": "6f634f44-0a00-48ee-94c1-fdcca837acbb",
    "data": [
      {
        "text": "vanilla ice cream",
        "userDefined": false
      }
    ],
    "isTemplate": false,
    "count": 0,
    "lang": "en",
    "updated": 0
  },
  {
    "id": "0ef9a59f-5463-457c-8f98-b504837a2164",
    "data": [
      {
        "text": "paneer tikka",
        "userDefined": false
      }
    ],
    "isTemplate": false,
    "count": 0,
    "lang": "en",
    "updated": 0
  },
  {
    "id": "934672a6-a714-4e93-8354-a9d45e0c51d0",
    "data": [
      {
        "text": "somosa",
        "userDefined": false
      }
    ],
    "isTemplate": false,
    "count": 0,
    "lang": "en",
    "updated": 0
  }
]